<?xml version="1.0" encoding="UTF-8"?>
<ExtensionManifest Version="2.0" ExtensionBundleId="FreeGrid" ExtensionBundleVersion="3.0.0.20110105_m_16" xmlns:xsi="http://www.w3.org/2001/XMLSchema-instance">
	<ExtensionList>
		<Extension Id="FreeGrid" Version="3.0" />
	</ExtensionList>
	<ExecutionEnvironment>
		<HostList>
			<Host Name="ILST" Version="15.0" />
		</HostList>
		<LocaleList>
			<Locale Code="en_ME" />
			<Locale Code="pt_BR" />
			<Locale Code="en_US" />
			<Locale Code="pl_PL" />
			<Locale Code="ja_JP" />
			<Locale Code="ru_RU" />
			<Locale Code="zh_CN" />
			<Locale Code="uk_UA" />
			<Locale Code="ro_RO" />
			<Locale Code="el_GR" />
			<Locale Code="pt_PT" />
			<Locale Code="en_GB" />
			<Locale Code="en_IE" />
			<Locale Code="cs_CZ" />
			<Locale Code="zh_TW" />
			<Locale Code="he_IL" />
			<Locale Code="nb_NO" />
			<Locale Code="fr_CA" />
			<Locale Code="es_ES" />
			<Locale Code="ko_KR" />
			<Locale Code="fi_FI" />
			<Locale Code="de_DE" />
			<Locale Code="it_IT" />
			<Locale Code="en_CE" />
			<Locale Code="hu_HU" />
			<Locale Code="fr_FR" />
			<Locale Code="es_MX" />
			<Locale Code="ar_AE" />
			<Locale Code="tr_TR" />
			<Locale Code="sv_SE" />
			<Locale Code="da_DK" />
			<Locale Code="nl_NL" />
		</LocaleList>
		<RequiredRuntimeList>
			<RequiredRuntime Name="CSXS" Version="2.0" />
		</RequiredRuntimeList>
	</ExecutionEnvironment>
	<DispatchInfoList>
		<Extension Id="FreeGrid">
			<DispatchInfo >
				<Resources>
					<SwfPath>./FreeGridUI.swf</SwfPath>
				</Resources>
				<Lifecycle>
					<AutoVisible>true</AutoVisible>
				</Lifecycle>
				<UI>
					<Type>Panel</Type>
					<Geometry>
						<Size>
							<Height>226</Height>
							<Width>300</Width>
						</Size>
						<MaxSize>
							<Height>226</Height>
							<Width>300</Width>
						</MaxSize>
						<MinSize>
							<Height>226</Height>
							<Width>300</Width>
						</MinSize>
					</Geometry>
				</UI>
			</DispatchInfo>
		</Extension>
	</DispatchInfoList>
</ExtensionManifest>
