<?xml version="1.0" encoding="UTF-8"?>
<ExtensionManifest Version="2.0" ExtensionBundleId="SnippetRunner" ExtensionBundleVersion="1.0" xmlns:xsi="http://www.w3.org/2001/XMLSchema-instance">
	<ExtensionList>
		<Extension Id="SnippetRunner" Version="1.0" />
	</ExtensionList>
	<ExecutionEnvironment>
		<HostList>
			<Host Name="ILST" Version="15.0" />
		</HostList>
		<LocaleList>
			<Locale Code="All" />
		</LocaleList>
		<RequiredRuntimeList>
			<RequiredRuntime Name="CSXS" Version="2.0" />
		</RequiredRuntimeList>
	</ExecutionEnvironment>
	<DispatchInfoList>
		<Extension Id="SnippetRunner">
			<DispatchInfo >
				<Resources>
					<SwfPath>./SnippetRunnerUI.swf</SwfPath>
				</Resources>
				<Lifecycle>
					<AutoVisible>true</AutoVisible>
				</Lifecycle>
				<UI>
					<Type>Panel</Type>
					<Geometry>
						<Size>
							<Height>600</Height>
							<Width>400</Width>
						</Size>
						<MaxSize>
							<Height>600</Height>
							<Width>400</Width>
						</MaxSize>
						<MinSize>
							<Height>600</Height>
							<Width>400</Width>
						</MinSize>
					</Geometry>
				</UI>
			</DispatchInfo>
		</Extension>
	</DispatchInfoList>
</ExtensionManifest>
